{
  "time": "2026-03-17T16:33:16.905176",
  "class": "apple",
  "confidence": 0.6074468493461609,
  "all_scores": {
    "apple": 0.6074468493461609,
    "cherry": 0.13286304473876953,
    "grape": 0.0005521404091268778,
    "lemon": 8.541866554878652e-05,
    "mango": 1.1288697351119481e-05,
    "orange": 0.006753910332918167,
    "pear": 0.000286910857539624,
    "pistachio": 9.70073051576037e-06,
    "strawberry": 0.0010288292542099953,
    "tomato": 0.2509618401527405
  }
}