{
  "time": "2026-03-17T16:32:06.357472",
  "class": "apple",
  "confidence": 1.0,
  "all_scores": {
    "apple": 1.0,
    "cherry": 8.813019926775256e-25,
    "grape": 4.984729722734591e-25,
    "lemon": 7.805291517256603e-30,
    "mango": 4.1031379348717484e-35,
    "orange": 3.668816273122411e-16,
    "pear": 1.3562714919288162e-18,
    "pistachio": 2.5327257586175225e-27,
    "strawberry": 1.1243388286911495e-15,
    "tomato": 6.350477709355113e-22
  }
}