{
  "time": "2026-03-17T16:32:29.279503",
  "class": "tomato",
  "confidence": 0.8365669250488281,
  "all_scores": {
    "apple": 0.13465812802314758,
    "cherry": 0.024311117827892303,
    "grape": 0.0002490211627446115,
    "lemon": 5.23002163390629e-05,
    "mango": 1.982167668757029e-05,
    "orange": 0.0031972723081707954,
    "pear": 6.885152834001929e-05,
    "pistachio": 8.42034842207795e-06,
    "strawberry": 0.0008681378094479442,
    "tomato": 0.8365669250488281
  }
}