{
  "time": "2026-03-15T21:24:24.758582",
  "class": "tomato",
  "confidence": 0.9999998807907104,
  "all_scores": {
    "apple": 1.163468326126349e-07,
    "broccoli": 1.7719524849149626e-12,
    "grape": 3.5992604452417254e-09,
    "mango": 2.5468685493912346e-10,
    "peach": 1.8999334406904957e-15,
    "pear": 1.2688596917956318e-12,
    "strawberry": 8.008495776257174e-12,
    "tomato": 0.9999998807907104
  }
}