{
  "time": "2026-03-10T03:47:55.793532",
  "class": "tomato",
  "confidence": 0.999995231628418,
  "all_scores": {
    "apple": 1.2253656223037979e-06,
    "broccoli": 3.5690757016482166e-09,
    "grape": 3.516147671689396e-06,
    "mango": 3.989210384247599e-08,
    "peach": 2.1985815945591014e-11,
    "pear": 2.1460022647801225e-10,
    "strawberry": 2.9355839981093368e-09,
    "tomato": 0.999995231628418
  }
}