{
  "time": "2026-03-10T04:10:10.715252",
  "class": "tomato",
  "confidence": 1.0,
  "all_scores": {
    "apple": 3.022599379310818e-15,
    "broccoli": 2.6775879721027984e-23,
    "grape": 9.434162803831629e-18,
    "mango": 5.531392428306012e-19,
    "peach": 2.1667569515034763e-30,
    "pear": 4.28935918858165e-25,
    "strawberry": 3.2979671837392e-22,
    "tomato": 1.0
  }
}