{
  "train_loss": [
    0.06267654929105267,
    0.019154159848526458,
    0.017227553765016463,
    0.002550749739788897,
    0.0034973615370878417,
    0.017300012117425823,
    0.012123389777126695,
    0.004361406225436015,
    0.004861805260085152,
    0.0011533699357995086,
    0.0004351679784896911,
    0.0034695117647806,
    0.059565947955828,
    0.009263792903036952,
    0.0003621652910326863,
    0.001992006108091563,
    0.007121097444940975,
    0.002886961566346861,
    0.00034344806075668294,
    0.0001390629119068417,
    0.0005121152360057271,
    0.008170079242635039,
    0.0038275261221160464,
    0.000255935041153806,
    7.329888473539548e-05,
    0.00017281519279358873,
    0.0014474134336905445,
    0.0010885657649258816,
    0.00016506528584429628,
    0.0005517092857009881,
    8.831834822280402e-06,
    8.313036503243322e-05,
    0.0017784810783592897,
    0.00012967551351719905,
    3.613067581785534e-05,
    5.99953030958345e-05,
    0.000129658654564944,
    4.84407434152972e-05,
    2.4925468189582883e-05,
    4.505657698176725e-06,
    1.4710369992711192e-06,
    1.43526132938288e-05,
    5.539855007067468e-06,
    1.1423636390126926e-05,
    4.343267868667465e-06,
    6.889639883977487e-06,
    1.3501943258395257e-05,
    6.599872614525271e-06,
    2.4677392263828626e-06,
    1.2587266434813116e-05
  ],
  "train_acc": [
    0.9805714285714285,
    0.9947755102040816,
    0.995265306122449,
    0.9995102040816326,
    0.9988571428571429,
    0.9947755102040816,
    0.9972244897959184,
    0.9982040816326531,
    0.9990204081632653,
    0.9995102040816326,
    0.9998367346938776,
    0.9993469387755102,
    0.9893877551020408,
    0.9983673469387755,
    1.0,
    0.9993469387755102,
    0.9985306122448979,
    0.9990204081632653,
    1.0,
    1.0,
    0.9998367346938776,
    0.9980408163265306,
    0.9995102040816326,
    1.0,
    1.0,
    0.9998367346938776,
    0.9993469387755102,
    0.9995102040816326,
    1.0,
    0.9998367346938776,
    1.0,
    1.0,
    0.9995102040816326,
    1.0,
    1.0,
    1.0,
    1.0,
    1.0,
    1.0,
    1.0,
    1.0,
    1.0,
    1.0,
    1.0,
    1.0,
    1.0,
    1.0,
    1.0,
    1.0,
    1.0
  ],
  "val_acc": [
    1.0,
    0.9470404984423676,
    0.9992211838006231,
    0.9992211838006231,
    1.0,
    0.9992211838006231,
    0.9984423676012462,
    1.0,
    1.0,
    0.9984423676012462,
    1.0,
    0.9906542056074766,
    0.9236760124610592,
    0.9984423676012462,
    0.9992211838006231,
    1.0,
    0.9961059190031153,
    1.0,
    1.0,
    1.0,
    1.0,
    0.9953271028037384,
    0.9976635514018691,
    1.0,
    1.0,
    1.0,
    1.0,
    0.9992211838006231,
    0.9992211838006231,
    1.0,
    1.0,
    1.0,
    1.0,
    1.0,
    1.0,
    1.0,
    1.0,
    1.0,
    1.0,
    1.0,
    1.0,
    1.0,
    1.0,
    1.0,
    1.0,
    1.0,
    1.0,
    1.0,
    1.0,
    1.0
  ]
}