{
  "time": "2026-03-08T19:02:27.464257",
  "class": "tomato",
  "confidence": 0.935875654220581,
  "all_scores": {
    "apple": 0.0179483350366354,
    "broccoli": 0.009260240010917187,
    "grape": 0.03470654785633087,
    "mango": 0.0010406245710328221,
    "peach": 0.00013969569408800453,
    "pear": 0.00026362421340309083,
    "strawberry": 0.0007652848726138473,
    "tomato": 0.935875654220581
  }
}