{
  "time": "2026-03-08T21:19:14.786269",
  "class": "broccoli",
  "confidence": 0.8862541913986206,
  "all_scores": {
    "apple": 0.01804206147789955,
    "broccoli": 0.8862541913986206,
    "grape": 0.02503289096057415,
    "mango": 0.004103345330804586,
    "peach": 0.003442448563873768,
    "pear": 0.007119772024452686,
    "strawberry": 0.0076576885767281055,
    "tomato": 0.04834766313433647
  }
}