{
  "time": "2026-03-09T09:30:00.140810",
  "class": "broccoli",
  "confidence": 0.8205693364143372,
  "all_scores": {
    "apple": 0.0009128442034125328,
    "broccoli": 0.8205693364143372,
    "grape": 0.04663652926683426,
    "mango": 0.0032369063701480627,
    "peach": 0.002274676226079464,
    "pear": 0.0006498025613836944,
    "strawberry": 0.017558662220835686,
    "tomato": 0.1081613302230835
  }
}